start,end,id,length,diameter,disuse,q_max,flowdir,has_booster,booster_hmax
1,2,1,4301.753131,600,0,1017.36,0,0,0
1,8,2,4587.222303,500,0,706.5,0,0,0
2,3,3,1983.865677,400,0,452.16,0,0,0
2,4,4,2287.17681,500,0,706.5,0,0,0
2,5,5,3204.416861,600,0,1017.36,0,0,0
2,5,6,3204.416861,600,0,1017.36,0,0,0
2,6,7,4799.240184,300,0,254.34,0,0,0
5,7,8,3495.948907,500,0,706.5,0,0,0
5,10,9,5447.153934,600,0,1017.36,0,0,0
5,12,10,5428.410222,500,0,706.5,0,0,0
5,12,11,5428.410222,600,0,1017.36,0,0,0
5,13,12,3051.037617,300,0,254.34,0,0,0
6,13,13,2057.35401,300,0,254.34,0,0,0
6,14,14,4758.552222,300,0,254.34,0,0,0
7,8,15,2965.207202,400,0,452.16,0,0,0
7,10,16,2225.911697,500,0,706.5,0,0,0
9,10,17,2243.585557,500,0,706.5,0,0,0
9,46,18,2285.869613,300,0,254.34,0,0,0
10,11,19,5881.235519,600,0,1017.36,0,0,0
11,31,20,15545.55634,600,0,1017.36,0,0,0
12,17,21,8495.811744,600,0,1017.36,0,0,0
12,17,22,8495.811744,600,0,1017.36,0,0,0
13,14,23,4383.356402,300,0,254.34,0,0,0
14,15,24,5590.726323,200,0,113.04,0,0,0
14,17,25,7805.829284,300,0,254.34,0,0,0
14,18,26,9906.847535,200,0,113.04,0,0,0
15,16,27,3531.668759,200,0,113.04,0,0,0
16,17,28,4325.061725,200,0,113.04,0,0,0
16,21,29,5639.532931,300,0,254.34,0,0,0
17,19,30,5041.255452,300,0,254.34,0,0,0
17,20,31,7523.851816,600,0,1017.36,0,0,0
17,21,32,3437.192781,300,0,254.34,0,0,0
18,19,33,2709.184372,300,0,254.34,0,0,0
19,20,34,2695.000812,300,0,254.34,0,0,0
19,21,35,4409.715416,200,0,113.04,0,0,0
19,21,36,4409.715416,200,0,113.04,0,0,0
20,23,37,5653.144428,600,0,1017.36,0,0,0
22,27,38,5730.334686,200,0,113.04,0,0,0
23,28,39,9144.563954,500,0,706.5,0,0,0
23,28,40,9144.563954,500,0,706.5,0,0,0
23,31,41,9569.791315,700,0,1384.74,0,0,0
23,31,42,9569.791315,500,0,706.5,0,0,0
24,25,43,4921.709091,300,0,254.34,0,0,0
25,26,44,2232.475602,300,0,254.34,0,0,0
25,35,45,5515.241243,200,0,113.04,0,0,0
26,27,46,7125.273183,400,0,452.16,0,0,0
26,32,47,3936.39315,400,0,452.16,0,0,0
26,42,48,6705.614663,250,0,176.625,0,0,0
27,28,49,6103.74615,400,0,452.16,0,0,0
28,29,50,2493.357292,400,0,452.16,0,0,0
28,29,51,2493.357292,400,0,452.16,0,0,0
28,45,52,6588.230546,300,0,254.34,0,0,0
29,30,53,2179.097214,400,0,452.16,0,0,0
29,42,54,6103.281529,400,0,452.16,0,0,0
30,43,55,5944.451955,400,0,452.16,0,0,0
31,34,56,2091.546966,700,0,1384.74,0,0,0
31,34,57,2091.546966,500,0,706.5,0,0,0
32,33,58,3179.374052,400,0,452.16,0,0,0
32,34,59,2340.986152,400,0,452.16,0,0,0
33,34,60,2609.761167,400,0,452.16,0,0,0
34,35,61,1629.068388,500,0,706.5,0,0,0
34,37,62,2420.505191,400,0,452.16,0,0,0
35,36,63,3230.582992,500,0,706.5,0,0,0
35,37,64,2573.645837,500,0,706.5,0,0,0
36,38,65,2719.391218,200,0,113.04,0,0,0
37,38,66,2106.361831,400,0,452.16,0,0,0
37,39,67,3223.151807,300,0,254.34,0,0,0
39,40,68,10357.78384,250,0,176.625,0,0,0
40,41,69,5324.441993,200,0,113.04,0,0,0
40,42,70,8598.353221,200,0,113.04,0,0,0
41,42,71,7358.130583,300,0,254.34,0,0,0
41,43,72,4308.224617,300,0,254.34,0,0,0
43,44,73,5787.437038,200,0,113.04,0,0,0
47,48,74,8787.827127,500,0,706.5,0,0,0
47,48,75,8787.827127,250,0,176.625,0,0,0
48,49,76,10300.90404,300,0,254.34,0,0,0
48,50,77,6688.358135,250,0,176.625,0,0,0
48,52,78,14579.59167,400,0,452.16,0,0,0
48,54,79,7003.820563,600,0,1017.36,0,0,0
49,51,80,9797.812826,300,0,254.34,0,0,0
49,52,81,13722.53296,200,0,113.04,0,0,0
51,52,82,6976.757907,500,0,706.5,0,0,0
51,68,83,15118.25068,200,0,113.04,0,0,0
52,53,84,4221.127529,500,0,706.5,0,0,0
52,55,85,6092.173471,500,0,706.5,0,0,0
52,72,86,15194.92381,600,0,1017.36,0,0,0
53,55,87,5963.324713,600,0,1017.36,0,0,0
53,72,88,11375.94016,500,0,706.5,0,0,0
54,55,89,12828.20999,400,0,452.16,0,0,0
54,57,90,9098.059855,300,0,254.34,0,0,0
54,64,91,24688.05939,600,0,1017.36,0,0,0
55,59,92,7174.162769,400,0,452.16,0,0,0
55,59,93,7174.162769,400,0,452.16,0,0,0
56,57,94,4389.982005,200,0,113.04,0,0,0
56,57,95,4389.982005,400,0,452.16,0,0,0
57,60,96,7858.970634,400,0,452.16,0,0,0
57,61,97,12613.87322,300,0,254.34,0,0,0
58,59,98,12698.46934,300,0,254.34,0,0,0
58,61,99,5379.838603,500,0,706.5,0,0,0
59,64,100,21056.88791,600,0,1017.36,0,0,0
60,61,101,6512.945868,400,0,452.16,0,0,0
60,62,102,7745.867051,250,0,176.625,0,0,0
61,64,103,8950.433778,600,0,1017.36,0,0,0
61,64,104,8950.433778,200,0,113.04,0,0,0
62,63,105,13345.40706,400,0,452.16,0,0,0
63,64,106,14392.44326,400,0,452.16,0,0,0
63,64,107,14392.44326,200,0,113.04,0,0,0
64,65,108,9978.676286,200,0,113.04,0,0,0
64,65,109,9978.676286,400,0,452.16,0,0,0
64,66,110,7110.906393,300,0,254.34,0,0,0
64,67,111,11800.55644,300,0,254.34,0,0,0
65,80,112,6613.771018,200,0,113.04,0,0,0
65,81,113,9253.457628,500,0,706.5,0,0,0
67,82,114,14078.90818,200,0,113.04,0,0,0
68,69,115,7142.695729,300,0,254.34,0,0,0
69,70,116,8506.2844,300,0,254.34,0,0,0
69,71,117,8981.520993,400,0,452.16,0,0,0
69,72,118,11018.50497,500,0,706.5,0,0,0
71,72,119,8481.281804,400,0,452.16,0,0,0
72,73,120,12533.30559,250,0,176.625,0,0,0
72,74,121,6172.069438,400,0,452.16,0,0,0
72,76,122,4943.524654,300,0,254.34,0,0,0
72,77,123,12424.17301,500,0,706.5,0,0,0
74,75,124,5975.227181,250,0,176.625,0,0,0
76,77,125,8376.324599,250,0,176.625,0,0,0
77,78,126,6292.132886,600,0,1017.36,0,0,0
78,79,127,10349.25593,300,0,254.34,0,0,0
78,85,128,10788.30725,600,0,1017.36,0,0,0
79,83,129,6240.159258,400,0,452.16,0,0,0
80,81,130,3963.482585,500,0,706.5,0,0,0
81,82,131,6940.953936,500,0,706.5,0,0,0
82,83,132,8404.592833,500,0,706.5,0,0,0
82,84,133,4785.060462,300,0,254.34,0,0,0
83,84,134,5349.293575,300,0,254.34,0,0,0
83,85,135,8210.473221,400,0,452.16,0,0,0
85,86,136,7338.193846,600,0,1017.36,0,0,0
86,87,137,8551.257443,300,0,254.34,0,0,0
88,89,138,9066.990407,150,0,63.585,0,0,0
88,91,139,4593.012658,300,0,254.34,0,0,0
89,94,140,4209.598948,300,0,254.34,0,0,0
89,196,141,12442.70323,400,0,452.16,0,0,0
89,196,142,12442.70323,400,0,452.16,0,0,0
90,91,143,4629.034963,400,0,452.16,0,0,0
91,92,144,7933.546607,300,0,254.34,0,0,0
92,93,145,4265.123485,200,0,113.04,0,0,0
92,94,146,9242.994344,400,0,452.16,0,0,0
92,95,147,4698.404052,500,0,706.5,0,0,0
95,96,148,5661.099203,300,0,254.34,0,0,0
95,97,149,4935.023036,400,0,452.16,0,0,0
96,97,150,2382.665898,300,0,254.34,0,0,0
96,99,151,6549.009026,150,0,63.585,0,0,0
97,98,152,8841.305466,300,0,254.34,0,0,0
97,102,153,10929.09122,400,0,452.16,0,0,0
98,103,154,8557.241604,200,0,113.04,0,0,0
99,100,155,3901.536058,600,0,1017.36,0,0,0
99,101,156,4532.126094,400,0,452.16,0,0,0
100,104,157,6353.711599,400,0,452.16,0,0,0
101,102,158,3051.010517,200,0,113.04,0,0,0
101,104,159,6911.435281,500,0,706.5,0,0,0
102,107,160,13566.47546,500,0,706.5,0,0,0
103,106,161,8923.490028,200,0,113.04,0,0,0
104,105,162,5305.83045,300,0,254.34,0,0,0
104,110,163,7634.718534,300,0,254.34,0,0,0
105,106,164,7199.754572,250,0,176.625,0,0,0
107,108,165,3082.776629,250,0,176.625,0,0,0
108,109,166,2851.410861,400,0,452.16,0,0,0
108,128,167,11171.5493,400,0,452.16,0,0,0
110,111,168,7480.522532,300,0,254.34,0,0,0
111,112,169,8542.508322,250,0,176.625,0,0,0
112,113,170,3467.462209,500,0,706.5,0,0,0
112,114,171,5182.589489,500,0,706.5,0,0,0
112,150,172,12205.62318,500,0,706.5,0,0,0
113,115,173,7247.790441,400,0,452.16,0,0,0
115,116,174,10203.70907,300,0,254.34,0,0,0
116,149,175,5146.100411,400,0,452.16,0,0,0
116,170,176,2836.604623,500,0,706.5,0,0,0
117,118,177,8539.450819,200,0,113.04,0,0,0
117,216,178,5397.857095,200,0,113.04,0,0,0
117,109,179,7808.236178,250,0,176.625,0,0,0
118,119,180,5175.088586,300,0,254.34,0,0,0
119,120,181,5865.484071,400,0,452.16,0,0,0
120,121,182,5503.252567,400,0,452.16,0,0,0
121,122,183,9749.583204,400,0,452.16,0,0,0
121,123,184,6277.603786,300,0,254.34,0,0,0
122,125,185,3853.784019,300,0,254.34,0,0,0
123,124,186,4981.63888,300,0,254.34,0,0,0
124,126,187,9930.068939,400,0,452.16,0,0,0
124,128,188,8283.143494,400,0,452.16,0,0,0
125,126,189,5824.72048,300,0,254.34,0,0,0
125,127,190,10813.76533,250,0,176.625,0,0,0
126,127,191,12582.86178,300,0,254.34,0,0,0
126,127,192,12582.86178,300,0,254.34,0,0,0
126,129,193,7376.102383,250,0,176.625,0,0,0
127,249,194,10623.70477,300,0,254.34,0,0,0
128,132,195,10406.90499,300,0,254.34,0,0,0
128,132,196,10406.90499,250,0,176.625,0,0,0
129,130,197,7222.252916,250,0,176.625,0,0,0
129,130,198,7222.252916,250,0,176.625,0,0,0
130,131,199,14631.15749,500,0,706.5,0,0,0
131,133,200,3247.780291,500,0,706.5,0,0,0
131,134,201,13964.82307,250,0,176.625,0,0,0
131,138,202,6816.276779,250,0,176.625,0,0,0
131,139,203,6397.195002,400,0,452.16,0,0,0
132,133,204,2967.075066,400,0,452.16,0,0,0
132,142,205,13995.03282,300,0,254.34,0,0,0
133,142,206,13414.86716,500,0,706.5,0,0,0
134,135,207,8864.132967,200,0,113.04,0,0,0
134,137,208,6013.325058,500,0,706.5,0,0,0
135,136,209,6104.649566,300,0,254.34,0,0,0
135,136,210,6104.649566,400,0,452.16,0,0,0
140,141,211,5071.166982,400,0,452.16,0,0,0
140,146,212,8354.112853,300,0,254.34,0,0,0
141,142,213,5300.2457,400,0,452.16,0,0,0
141,142,214,5300.2457,400,0,452.16,0,0,0
142,143,215,3147.609617,300,0,254.34,0,0,0
142,172,216,11037.03054,600,0,1017.36,0,0,0
143,148,217,6778.748796,250,0,176.625,0,0,0
144,145,218,4100.508051,300,0,254.34,0,0,0
145,147,219,3611.345608,300,0,254.34,0,0,0
146,147,220,3618.587366,150,0,63.585,0,0,0
147,149,221,2004.75066,200,0,113.04,0,0,0
147,149,222,2004.75066,200,0,113.04,0,0,0
149,150,223,5032.743153,800,0,1808.64,0,0,0
149,172,224,3573.873098,400,0,452.16,0,0,0
149,172,225,3573.873098,400,0,452.16,0,0,0
151,155,226,7074.57143,400,0,452.16,0,0,0
152,161,227,5748.328727,250,0,176.625,0,0,0
153,160,228,4671.78764,200,0,113.04,0,0,0
154,155,229,7590.655812,300,0,254.34,0,0,0
154,160,230,4997.666811,300,0,254.34,0,0,0
154,160,231,4997.666811,300,0,254.34,0,0,0
154,179,232,46642.07285,300,0,254.34,0,0,0
155,156,233,2420.078269,400,0,452.16,0,0,0
155,158,234,3486.250809,400,0,452.16,0,0,0
156,157,235,3108.118467,300,0,254.34,0,0,0
156,159,236,3323.887768,300,0,254.34,0,0,0
157,158,237,2670.292546,400,0,452.16,0,0,0
158,166,238,10127.56581,400,0,452.16,0,0,0
159,160,239,11046.96436,400,0,452.16,0,0,0
160,161,240,7384.518685,300,0,254.34,0,0,0
160,163,241,4885.559808,400,0,452.16,0,0,0
162,163,242,8870.746394,300,0,254.34,0,0,0
163,164,243,4252.198899,400,0,452.16,0,0,0
164,165,244,11277.67929,300,0,254.34,0,0,0
165,167,245,12409.47778,300,0,254.34,0,0,0
166,168,246,9978.423252,400,0,452.16,0,0,0
167,174,247,10950.29993,400,0,452.16,0,0,0
168,169,248,6082.635108,400,0,452.16,0,0,0
168,169,249,6082.635108,400,0,452.16,0,0,0
169,170,250,3547.243776,600,0,1017.36,0,0,0
169,171,251,4975.72358,600,0,1017.36,0,0,0
169,174,252,8803.570417,700,0,1384.74,0,0,0
169,175,253,11629.63113,600,0,1017.36,0,0,0
170,172,254,5003.503623,300,0,254.34,0,0,0
171,172,255,3722.492241,500,0,706.5,0,0,0
171,173,256,4334.674638,400,0,452.16,0,0,0
172,149,257,3573.873098,300,0,254.34,0,0,0
172,149,258,3573.873098,300,0,254.34,0,0,0
173,178,259,5445.506318,400,0,452.16,0,0,0
173,179,260,4570.722632,300,0,254.34,0,0,0
174,176,261,5975.295254,500,0,706.5,0,0,0
174,176,262,5975.295254,500,0,706.5,0,0,0
175,176,263,5313.467375,700,0,1384.74,0,0,0
175,177,264,4814.720719,400,0,452.16,0,0,0
175,180,265,6417.993805,400,0,452.16,0,0,0
177,180,266,3492.120175,400,0,452.16,0,0,0
177,180,267,3492.120175,600,0,1017.36,0,0,0
180,181,268,9206.208038,200,0,113.04,0,0,0
180,182,269,8025.510003,300,0,254.34,0,0,0
183,184,270,16080.9992,300,0,254.34,0,0,0
183,189,271,8045.262821,250,0,176.625,0,0,0
184,185,272,11225.13538,300,0,254.34,0,0,0
185,186,273,6863.872429,400,0,452.16,0,0,0
186,187,274,9101.026421,300,0,254.34,0,0,0
186,188,275,8680.512508,300,0,254.34,0,0,0
187,188,276,2055.312942,400,0,452.16,0,0,0
187,193,277,11411.93222,200,0,113.04,0,0,0
187,202,278,5663.723672,250,0,176.625,0,0,0
189,190,279,7711.184265,300,0,254.34,0,0,0
189,190,280,7711.184265,300,0,254.34,0,0,0
189,193,281,18104.6449,400,0,452.16,0,0,0
189,218,282,10200.53036,400,0,452.16,0,0,0
189,218,283,10200.53036,300,0,254.34,0,0,0
190,192,284,6018.034051,300,0,254.34,0,0,0
190,193,285,10757.62218,300,0,254.34,0,0,0
191,192,286,8876.418883,200,0,113.04,0,0,0
191,195,287,10555.77641,300,0,254.34,0,0,0
192,193,288,5274.342299,400,0,452.16,0,0,0
193,194,289,6161.322043,250,0,176.625,0,0,0
194,200,290,12428.34333,250,0,176.625,0,0,0
195,196,291,3344.464304,250,0,176.625,0,0,0
195,197,292,11117.08325,300,0,254.34,0,0,0
195,197,293,11117.08325,200,0,113.04,0,0,0
197,198,294,2121.636156,400,0,452.16,0,0,0
197,198,295,2121.636156,400,0,452.16,0,0,0
197,200,296,4056.400431,400,0,452.16,0,0,0
197,200,297,4056.400431,300,0,254.34,0,0,0
198,199,298,3431.314872,400,0,452.16,0,0,0
198,209,299,13525.16021,250,0,176.625,0,0,0
199,200,300,4042.834311,300,0,254.34,0,0,0
200,201,301,4475.115254,300,0,254.34,0,0,0
201,202,302,13313.18865,200,0,113.04,0,0,0
201,204,303,14653.50508,250,0,176.625,0,0,0
203,204,304,8759.21508,250,0,176.625,0,0,0
203,205,305,11379.51555,200,0,113.04,0,0,0
204,205,306,5209.123202,300,0,254.34,0,0,0
204,206,307,9785.1126,300,0,254.34,0,0,0
206,207,308,7629.130565,300,0,254.34,0,0,0
206,209,309,12731.4351,200,0,113.04,0,0,0
206,219,310,11109.37586,300,0,254.34,0,0,0
207,208,311,11726.7096,300,0,254.34,0,0,0
208,238,312,21864.63705,250,0,176.625,0,0,0
209,211,313,7256.181022,250,0,176.625,0,0,0
210,211,314,8155.260551,400,0,452.16,0,0,0
210,212,315,7331.649943,250,0,176.625,0,0,0
211,220,316,10533.5277,250,0,176.625,0,0,0
211,224,317,11785.62004,150,0,63.585,0,0,0
212,213,318,9170.801976,200,0,113.04,0,0,0
212,214,319,6314.019175,300,0,254.34,0,0,0
213,214,320,6538.674541,300,0,254.34,0,0,0
213,215,321,6038.16633,200,0,113.04,0,0,0
214,215,322,6235.055875,250,0,176.625,0,0,0
214,216,323,3583.76934,400,0,452.16,0,0,0
216,217,324,2630.18926,300,0,254.34,0,0,0
219,220,325,3200.284665,200,0,113.04,0,0,0
220,221,326,2437.047899,300,0,254.34,0,0,0
220,230,327,22520.66492,400,0,452.16,0,0,0
221,222,328,5489.807675,300,0,254.34,0,0,0
221,234,329,6985.49757,200,0,113.04,0,0,0
222,223,330,3888.392769,300,0,254.34,0,0,0
223,224,331,4880.392201,400,0,452.16,0,0,0
223,225,332,8273.324048,300,0,254.34,0,0,0
223,226,333,6859.726695,300,0,254.34,0,0,0
223,227,334,10286.21219,400,0,452.16,0,0,0
226,227,335,4127.652394,250,0,176.625,0,0,0
227,228,336,3521.910001,300,0,254.34,0,0,0
227,229,337,10300.08027,400,0,452.16,0,0,0
227,229,338,10300.08027,400,0,452.16,0,0,0
228,229,339,6889.842427,300,0,254.34,0,0,0
229,230,340,3276.821413,300,0,254.34,0,0,0
229,231,341,4460.42969,300,0,254.34,0,0,0
229,232,342,4884.371564,400,0,452.16,0,0,0
230,233,343,2005.075182,400,0,452.16,0,0,0
231,233,344,5010.23386,400,0,452.16,0,0,0
231,240,345,3760.644694,400,0,452.16,0,0,0
231,248,346,5637.976963,300,0,254.34,0,0,0
232,249,347,9636.883141,400,0,452.16,0,0,0
233,235,348,5933.3959,300,0,254.34,0,0,0
233,240,349,2847.130486,500,0,706.5,0,0,0
234,235,350,9189.7774,250,0,176.625,0,0,0
234,236,351,3321.2887,400,0,452.16,0,0,0
234,237,352,8732.222244,400,0,452.16,0,0,0
234,240,353,17611.21298,400,0,452.16,0,0,0
235,237,354,4145.39679,300,0,254.34,0,0,0
237,238,355,7225.361133,250,0,176.625,0,0,0
237,239,356,7529.003694,250,0,176.625,0,0,0
238,239,357,3625.00478,300,0,254.34,0,0,0
238,242,358,4719.860457,300,0,254.34,0,0,0
239,241,359,6143.814664,250,0,176.625,0,0,0
240,241,360,7079.137372,300,0,254.34,0,0,0
240,250,361,6853.242723,400,0,452.16,0,0,0
241,246,362,5930.195872,250,0,176.625,0,0,0
242,243,363,7020.510604,400,0,452.16,0,0,0
242,243,364,7020.510604,300,0,254.34,0,0,0
243,244,365,5923.535652,300,0,254.34,0,0,0
243,244,366,5923.535652,250,0,176.625,0,0,0
243,246,367,10271.39299,400,0,452.16,0,0,0
244,245,368,5519.337894,250,0,176.625,0,0,0
245,246,369,9130.893216,300,0,254.34,0,0,0
246,247,370,2707.787935,300,0,254.34,0,0,0
246,254,371,7768.529443,300,0,254.34,0,0,0
246,255,372,8010.677054,300,0,254.34,0,0,0
247,254,373,6138.170487,300,0,254.34,0,0,0
248,250,374,4586.16821,400,0,452.16,0,0,0
249,251,375,3114.157718,300,0,254.34,0,0,0
249,252,376,2219.848584,400,0,452.16,0,0,0
250,251,377,2021.551931,450,0,572.265,0,0,0
250,251,378,2021.551931,300,0,254.34,0,0,0
250,252,379,3603.678211,400,0,452.16,0,0,0
251,252,380,1650.488279,300,0,254.34,0,0,0
251,253,381,2855.802916,300,0,254.34,0,0,0
253,254,382,4076.771381,300,0,254.34,0,0,0
256,257,383,3021.613034,400,0,452.16,0,0,0
256,258,384,7453.322571,250,0,176.625,0,0,0
256,258,385,7453.322571,250,0,176.625,0,0,0
256,289,386,4199.501206,300,0,254.34,0,0,0
258,259,387,1645.804252,300,0,254.34,0,0,0
258,298,388,9096.56772,300,0,254.34,0,0,0
258,300,389,9153.433194,400,0,452.16,0,0,0
259,260,390,3615.508221,500,0,706.5,0,0,0
259,262,391,4420.998078,500,0,706.5,0,0,0
260,261,392,3055.26382,300,0,254.34,0,0,0
260,262,393,2205.050232,600,0,1017.36,0,0,0
262,265,394,6388.513562,700,0,1384.74,0,0,0
263,265,395,3887.022642,400,0,452.16,0,0,0
264,265,396,5547.858235,600,0,1017.36,0,0,0
265,266,397,5718.183993,700,0,1384.74,0,0,0
266,267,398,3122.884283,300,0,254.34,0,0,0
266,268,399,4240.038905,700,0,1384.74,0,0,0
266,271,400,6202.768926,250,0,176.625,0,0,0
267,268,401,3354.89258,400,0,452.16,0,0,0
268,305,402,4527.646672,700,0,1384.74,0,0,0
268,306,403,2401.738083,500,0,706.5,0,0,0
269,270,404,4186.354874,350,0,346.185,0,0,0
269,274,405,2719.647328,400,0,452.16,0,0,0
270,271,406,3929.987203,400,0,452.16,0,0,0
270,271,407,3929.987203,400,0,452.16,0,0,0
271,272,408,3762.973887,300,0,254.34,0,0,0
271,273,409,2960.73041,400,0,452.16,0,0,0
274,275,410,3344.880249,400,0,452.16,0,0,0
274,276,411,3015.999147,600,0,1017.36,0,0,0
275,276,412,2307.692458,250,0,176.625,0,0,0
275,281,413,9101.918273,300,0,254.34,0,0,0
276,277,414,3734.8011,400,0,452.16,0,0,0
276,279,415,9737.813638,500,0,706.5,0,0,0
278,279,416,4299.519764,250,0,176.625,0,0,0
279,280,417,5131.735217,250,0,176.625,0,0,0
279,281,418,7815.363654,500,0,706.5,0,0,0
279,281,419,7815.363654,300,0,254.34,0,0,0
281,282,420,7066.436506,300,0,254.34,0,0,0
281,283,421,6514.491189,300,0,254.34,0,0,0
283,286,422,3640.009625,500,0,706.5,0,0,0
284,286,423,7903.845707,400,0,452.16,0,0,0
285,286,424,3341.610646,400,0,452.16,0,0,0
286,287,425,3598.506909,300,0,254.34,0,0,0
288,289,426,4386.067906,300,0,254.34,0,0,0
288,289,427,4386.067906,300,0,254.34,0,0,0
289,290,428,5782.158159,250,0,176.625,0,0,0
290,291,429,12233.56899,400,0,452.16,0,0,0
290,292,430,16011.85935,600,0,1017.36,0,0,0
291,292,431,4027.633501,500,0,706.5,0,0,0
292,293,432,8109.204796,400,0,452.16,0,0,0
292,294,433,9791.045253,300,0,254.34,0,0,0
292,295,434,3605.170653,400,0,452.16,0,0,0
295,296,435,3175.643596,300,0,254.34,0,0,0
295,297,436,3620.828618,400,0,452.16,0,0,0
296,297,437,3122.577098,400,0,452.16,0,0,0
297,298,438,3478.035052,400,0,452.16,0,0,0
297,299,439,4020.298376,500,0,706.5,0,0,0
298,299,440,4913.32534,400,0,452.16,0,0,0
298,300,441,5707.346116,300,0,254.34,0,0,0
299,300,442,2972.99195,600,0,1017.36,0,0,0
299,301,443,4174.88974,600,0,1017.36,0,0,0
299,304,444,6771.499156,600,0,1017.36,0,0,0
300,301,445,5036.270985,600,0,1017.36,0,0,0
301,302,446,4725.166799,400,0,452.16,0,0,0
301,304,447,5516.515611,600,0,1017.36,0,0,0
302,303,448,3215.489756,400,0,452.16,0,0,0
304,305,449,4711.669595,700,0,1384.74,0,0,0
304,307,450,8542.995559,300,0,254.34,0,0,0
306,309,451,4258.932977,300,0,254.34,0,0,0
308,309,452,1837.693955,300,0,254.34,0,0,0
309,310,453,4857.060902,300,0,254.34,0,0,0
310,311,454,5050.658287,300,0,254.34,0,0,0
310,312,455,5012.653843,150,0,63.585,0,0,0
311,315,456,3978.510521,150,0,63.585,0,0,0
311,315,457,3978.510521,150,0,63.585,0,0,0
312,316,458,8785.419746,150,0,63.585,0,0,0
313,314,459,1900.58925,300,0,254.34,0,0,0
313,316,460,10018.78603,150,0,63.585,0,0,0
315,317,461,3083.843347,300,0,254.34,0,0,0
316,322,462,3919.322269,300,0,254.34,0,0,0
317,318,463,2900.856638,300,0,254.34,0,0,0
317,319,464,7543.801853,300,0,254.34,0,0,0
318,319,465,5812.647417,300,0,254.34,0,0,0
319,320,466,2640.329426,200,0,113.04,0,0,0
319,321,467,2098.881993,200,0,113.04,0,0,0
321,322,468,3143.4109,300,0,254.34,0,0,0
322,323,469,4570.979179,300,0,254.34,0,0,0
324,272,470,25.45623287,10000,0,282600,0,0,0
325,99,471,1399.842602,10000,0,282600,0,0,0
326,271,472,79.03907425,10000,0,282600,0,0,0
327,206,473,118.1076205,10000,0,282600,0,0,0
328,310,474,6370.898641,10000,0,282600,0,0,0
329,89,475,987.304283,10000,0,282600,0,0,0
330,28,476,166.5854566,10000,0,282600,0,0,0
331,304,477,1482.61525,10000,0,282600,0,0,0
332,293,478,7422.544963,10000,0,282600,0,0,0
333,305,479,1110.062932,10000,0,282600,0,0,0
334,150,480,104.1497501,10000,0,282600,0,0,0
335,135,481,85.28137487,10000,0,282600,0,0,0
336,217,482,891.1909851,10000,0,282600,0,0,0
337,313,483,865.90064,10000,0,282600,0,0,0
338,151,484,3592.953718,10000,0,282600,0,0,0
339,212,485,134.4971123,10000,0,282600,0,0,0
340,137,486,183.9408313,10000,0,282600,0,0,0
341,295,487,1085.682171,10000,0,282600,0,0,0
342,310,488,1466.161872,10000,0,282600,0,0,0
343,312,489,1262.618071,10000,0,282600,0,0,0
344,167,490,199.1181879,10000,0,282600,0,0,0
345,141,491,29788.02569,10000,0,282600,0,0,0
346,105,492,140.8071844,10000,0,282600,0,0,0
347,126,493,227.2920429,10000,0,282600,0,0,0
348,140,494,176.0078452,10000,0,282600,0,0,0
349,264,495,107.3140668,10000,0,282600,0,0,0
350,198,496,669.6504296,10000,0,282600,0,0,0
351,92,497,245.7116406,10000,0,282600,0,0,0
352,224,498,250.5449887,10000,0,282600,0,0,0
353,169,499,478.9918659,10000,0,282600,0,0,0
354,17,500,97.052861,10000,0,282600,0,0,0
355,227,501,112.3629686,10000,0,282600,0,0,0
356,300,502,1244.791479,10000,0,282600,0,0,0
357,186,503,973.9263445,10000,0,282600,0,0,0
358,91,504,419.2005862,10000,0,282600,0,0,0
359,207,505,262.5901857,10000,0,282600,0,0,0
360,286,506,108.3474912,10000,0,282600,0,0,0
361,139,507,1030.363505,10000,0,282600,0,0,0
362,227,508,2253.623162,10000,0,282600,0,0,0
363,128,509,45.72545381,10000,0,282600,0,0,0
364,156,510,529.0697075,10000,0,282600,0,0,0
365,236,511,394.5744561,10000,0,282600,0,0,0
366,110,512,278.0420506,10000,0,282600,0,0,0
367,274,513,126.4501215,10000,0,282600,0,0,0
368,223,514,430.9910635,10000,0,282600,0,0,0
369,20,515,229.3776184,10000,0,282600,0,0,0
370,230,516,3371.206051,10000,0,282600,0,0,0
371,160,517,72.29580602,10000,0,282600,0,0,0
372,293,518,8140.721292,10000,0,282600,0,0,0
373,262,519,209.9585039,10000,0,282600,0,0,0
374,316,520,1538.002538,10000,0,282600,0,0,0
375,258,521,513.3825669,10000,0,282600,0,0,0
376,297,522,867.9174021,10000,0,282600,0,0,0
377,242,523,271.5032849,10000,0,282600,0,0,0
378,177,524,3547.578128,10000,0,282600,0,0,0
379,72,525,250.6059105,10000,0,282600,0,0,0
380,303,526,440.7326042,10000,0,282600,0,0,0
381,220,527,458.2960516,10000,0,282600,0,0,0
382,82,528,67.13283243,10000,0,282600,0,0,0
383,116,529,1458.357889,10000,0,282600,0,0,0
384,146,530,901.5402632,10000,0,282600,0,0,0
385,281,531,63.62009182,10000,0,282600,0,0,0
386,323,532,1257.460446,10000,0,282600,0,0,0
387,245,533,1128.619069,10000,0,282600,0,0,0
388,104,534,129.1490417,10000,0,282600,0,0,0
389,214,535,1120.203537,10000,0,282600,0,0,0
390,172,536,204.8779364,10000,0,282600,0,0,0
391,64,537,324.4103399,10000,0,282600,0,0,0
392,268,538,9.223399896,10000,0,282600,0,0,0
393,193,539,466.9069555,10000,0,282600,0,0,0
394,307,540,3820.04904,10000,0,282600,0,0,0
395,307,541,4269.531083,10000,0,282600,0,0,0
396,98,542,1832.781707,10000,0,282600,0,0,0
397,86,543,361.8579532,10000,0,282600,0,0,0
398,201,544,3406.463739,10000,0,282600,0,0,0
399,164,545,130.6694741,10000,0,282600,0,0,0
400,319,546,789.8622603,10000,0,282600,0,0,0
401,120,547,165.1182977,10000,0,282600,0,0,0
402,115,548,1909.743326,10000,0,282600,0,0,0
403,317,549,766.1263709,10000,0,282600,0,0,0
404,317,550,100878.0104,10000,0,282600,0,0,0
405,234,551,142.8332824,10000,0,282600,0,0,0
406,204,552,113.9566098,10000,0,282600,0,0,0
407,250,553,107.9641063,10000,0,282600,0,0,0
408,155,554,193.6655205,10000,0,282600,0,0,0
409,309,555,209.7543522,10000,0,282600,0,0,0
410,216,556,489.0682156,10000,0,282600,0,0,0
